Workbook

Sheet Hướng dẫn
A1: KIỂM TRA LẠI SỐ LIỆU BÀI BÁO KASSEM (2022) BẰNG EXCEL
A3: Bài báo: Risk Management Assessment in Oil and Gas Construction Projects Using PLS-SEM. Gases 2(2), 33–60.
A4: Dữ liệu gốc không được công bố; file này chỉ dùng các con số đã in trong bài (Bảng 6–14).
A6: Quy ước màu:
A7: • Ô nền vàng, chữ xanh: số liệu nhập từ bài báo.
A8: • Ô chữ đen: công thức Excel, tự tính lại khi sửa số liệu.
A9: • Nền xanh lá: khớp / đạt. Nền đỏ: lệch / không đạt.
A11: Các sheet:
A12: RII – RII tổng = RII tác động × RII xác suất; quy đổi sang mức của ma trận PIM (Bảng 6, 7)
A13: AVE-CR – Tính AVE, CR từ 56 loading (Bảng 8)
A14: Fornell-Larcker – Ma trận Bảng 9 dựng lại; so √AVE với tương quan lớn nhất
A15: Cấu trúc – Q² = 1 − SSE/SSO; GoF; kiểm tra R², f² từ β và tương quan (Bảng 11–14)
... A18: Sai số làm tròn chấp nhận được: ô B20 (mặc định 0,0015).
A20: Sai số chấp nhận: | B20: 0.0015

Sheet RII
A1: RII TỔNG VÀ MỨC MA TRẬN XÁC SUẤT – TÁC ĐỘNG (Bảng 6, 7)
A2: Mức quy đổi theo thang chia đều: <0,2 VL; <0,4 L; <0,6 M; <0,8 H; còn lại VH (giả định, bài báo không nêu).
A4: Mã | B4: Rủi ro | C4: RII tác động | D4: RII xác suất | E4: RII tổng (bài báo) | F4: RII tổng tính lại | G4: Chênh lệch | H4: Kết quả | I4: Hạng bài báo | J4: Hạng tính lại | K4: Mức tác động | L4: Mức xác suất | M4: Bảng 6: tác động | N4: Bảng 6: xác suất | O4: PIM khớp RII?
A5: CL1 | B5: Chậm ra quyết định | C5: 0.675 | D5: 0.821 | E5: 0.554 | F5: =C5*D5 -> 0.554175 | G5: =F5-E5 -> 0.000175 | H5: =IF(ABS(G5)<='Hướng dẫn'!$B$20,"Khớp","Lệch") -> Khớp | I5: 4 | J5: =RANK(F5,$F$5:$F$14) -> 4 | K5: =IF(C5<0.2,"VL",IF(C5<0.4,"L",IF(C5<0.6,"M",IF(C5<0.8,"H","VH")))) -> H | L5: =IF(D5<0.2,"VL",IF(D5<0.4,"L",IF(D5<0.6,"M",IF(D5<0.8,"H","VH")))) -> VH | M5: H | N5: VH | O5: =IF(AND(K5=M5,L5=N5),"Có","Không") -> Có
A6: CL2 | B6: Chính phủ bất ổn | C6: 0.779 | D6: 0.742 | E6: 0.578 | F6: =C6*D6 -> 0.578018 | G6: =F6-E6 -> 1.8e-05 | H6: =IF(ABS(G6)<='Hướng dẫn'!$B$20,"Khớp","Lệch") -> Khớp | I6: 1 | J6: =RANK(F6,$F$5:$F$14) -> 1 | K6: =IF(C6<0.2,"VL",IF(C6<0.4,"L",IF(C6<0.6,"M",IF(C6<0.8,"H","VH")))) -> H | L6: =IF(D6<0.2,"VL",IF(D6<0.4,"L",IF(D6<0.6,"M",IF(D6<0.8,"H","VH")))) -> H | M6: — | N6: — | O6: Không có trong Bảng 6
A7: FD1 | B7: Nghiên cứu khả thi không đúng | C7: 0.707 | D7: 0.718 | E7: 0.508 | F7: =C7*D7 -> 0.507626 | G7: =F7-E7 -> -0.000374 | H7: =IF(ABS(G7)<='Hướng dẫn'!$B$20,"Khớp","Lệch") -> Khớp | I7: 9 | J7: =RANK(F7,$F$5:$F$14) -> 9 | K7: =IF(C7<0.2,"VL",IF(C7<0.4,"L",IF(C7<0.6,"M",IF(C7<0.8,"H","VH")))) -> H | L7: =IF(D7<0.2,"VL",IF(D7<0.4,"L",IF(D7<0.6,"M",IF(D7<0.8,"H","VH")))) -> H | M7: H | N7: VH | O7: =IF(AND(K7=M7,L7=N7),"Có","Không") -> Không
A8: FD4 | B8: Ước tính chi phí dự án sai | C8: 0.717 | D8: 0.793 | E8: 0.568 | F8: =C8*D8 -> 0.568581 | G8: =F8-E8 -> 0.000581 | H8: =IF(ABS(G8)<='Hướng dẫn'!$B$20,"Khớp","Lệch") -> Khớp | I8: 2 | J8: =RANK(F8,$F$5:$F$14) -> 2 | K8: =IF(C8<0.2,"VL",IF(C8<0.4,"L",IF(C8<0.6,"M",IF(C8<0.8,"H","VH")))) -> H | L8: =IF(D8<0.2,"VL",IF(D8<0.4,"L",IF(D8<0.6,"M",IF(D8<0.8,"H","VH")))) -> H | M8: VH | N8: VH | O8: =IF(AND(K8=M8,L8=N8),"Có","Không") -> Không
A9: FD5 | B9: Ước tính tiến độ sai | C9: 0.714 | D9: 0.779 | E9: 0.556 | F9: =C9*D9 -> 0.556206 | G9: =F9-E9 -> 0.000206 | H9: =IF(ABS(G9)<='Hướng dẫn'!$B$20,"Khớp","Lệch") -> Khớp | I9: 3 | J9: =RANK(F9,$F$5:$F$14) -> 3 | K9: =IF(C9<0.2,"VL",IF(C9<0.4,"L",IF(C9<0.6,"M",IF(C9<0.8,"H","VH")))) -> H | L9: =IF(D9<0.2,"VL",IF(D9<0.4,"L",IF(D9<0.6,"M",IF(D9<0.8,"H","VH")))) -> H | M9: VH | N9: H | O9: =IF(AND(K9=M9,L9=N9),"Có","Không") -> Không
A10: TC3 | B10: Điều khoản hợp đồng không rõ | C10: 0.625 | D10: 0.875 | E10: 0.547 | F10: =C10*D10 -> 0.546875 | G10: =F10-E10 -> -0.000125 | H10: =IF(ABS(G10)<='Hướng dẫn'!$B$20,"Khớp","Lệch") -> Khớp | I10: 7 | J10: =RANK(F10,$F$5:$F$14) -> 7 | K10: =IF(C10<0.2,"VL",IF(C10<0.4,"L",IF(C10<0.6,"M",IF(C10<0.8,"H","VH")))) -> H | L10: =IF(D10<0.2,"VL",IF(D10<0.4,"L",IF(D10<0.6,"M",IF(D10<0.8,"H","VH")))) -> VH | M10: — | N10: — | O10: Không có trong Bảng 6
A11: EC1 | B11: Khủng hoảng kinh tế và tài chính | C11: 0.634 | D11: 0.796 | E11: 0.504 | F11: =C11*D11 -> 0.504664 | G11: =F11-E11 -> 0.000664 | H11: =IF(ABS(G11)<='Hướng dẫn'!$B$20,"Khớp","Lệch") -> Khớp | I11: 10 | J11: =RANK(F11,$F$5:$F$14) -> 10 | K11: =IF(C11<0.2,"VL",IF(C11<0.4,"L",IF(C11<0.6,"M",IF(C11<0.8,"H","VH")))) -> H | L11: =IF(D11<0.2,"VL",IF(D11<0.4,"L",IF(D11<0.6,"M",IF(D11<0.8,"H","VH")))) -> H | M11: — | N11: — | O11: Không có trong Bảng 6
A12: RM1 | B12: Thiếu lao động và năng suất thấp | C12: 0.678 | D12: 0.757 | E12: 0.513 | F12: =C12*D12 -> 0.513246 | G12: =F12-E12 -> 0.000246 | H12: =IF(ABS(G12)<='Hướng dẫn'!$B$20,"Khớp","Lệch") -> Khớp | I12: 8 | J12: =RANK(F12,$F$5:$F$14) -> 8 | K12: =IF(C12<0.2,"VL",IF(C12<0.4,"L",IF(C12<0.6,"M",IF(C12<0.8,"H","VH")))) -> H | L12: =IF(D12<0.2,"VL",IF(D12<0.4,"L",IF(D12<0.6,"M",IF(D12<0.8,"H","VH")))) -> H | M12: H | N12: H | O12: =IF(AND(K12=M12,L12=N12),"Có","Không") -> Có
A13: PO1 | B13: Bất ổn chính trị | C13: 0.656 | D13: 0.836 | E13: 0.549 | F13: =C13*D13 -> 0.548416 | G13: =F13-E13 -> -0.000584 | H13: =IF(ABS(G13)<='Hướng dẫn'!$B$20,"Khớp","Lệch") -> Khớp | I13: 5 | J13: =RANK(F13,$F$5:$F$14) -> 5 | K13: =IF(C13<0.2,"VL",IF(C13<0.4,"L",IF(C13<0.6,"M",IF(C13<0.8,"H","VH")))) -> H | L13: =IF(D13<0.2,"VL",IF(D13<0.4,"L",IF(D13<0.6,"M",IF(D13<0.8,"H","VH")))) -> VH | M13: H | N13: VH | O13: =IF(AND(K13=M13,L13=N13),"Có","Không") -> Có
A14: FM3 | B14: Chiến tranh trong nước | C14: 0.645 | D14: 0.85 | E14: 0.548 | F14: =C14*D14 -> 0.54825 | G14: =F14-E14 -> 0.00025 | H14: =IF(ABS(G14)<='Hướng dẫn'!$B$20,"Khớp","Lệch") -> Khớp | I14: 6 | J14: =RANK(F14,$F$5:$F$14) -> 6 | K14: =IF(C14<0.2,"VL",IF(C14<0.4,"L",IF(C14<0.6,"M",IF(C14<0.8,"H","VH")))) -> H | L14: =IF(D14<0.2,"VL",IF(D14<0.4,"L",IF(D14<0.6,"M",IF(D14<0.8,"H","VH")))) -> VH | M14: — | N14: — | O14: Không có trong Bảng 6
B16: Số dòng RII tổng khớp | H16: =COUNTIF(H5:H14,"Khớp")&"/"&COUNTA(H5:H14) -> 10/10
B17: Số rủi ro có mức PIM khớp RII | O17: =COUNTIF(O5:O14,"Có")&"/"&(COUNTIF(O5:O14,"Có")+COUNTIF(O5:O14,"Không")) -> 3/6

Sheet AVE-CR
A1: AVE VÀ CR TÍNH LẠI TỪ LOADING (Bảng 8)
A2: AVE = trung bình λ²; CR = (Σλ)² / ((Σλ)² + Σ(1 − λ²)). Ngưỡng: AVE ≥ 0,5; CR ≥ 0,7.
A4: Nhóm | B4: Câu | C4: Loading λ | D4: λ² | F4: Nhóm | G4: Số câu | H4: AVE tính lại | I4: AVE bài báo | J4: Kết quả AVE | K4: CR tính lại | L4: CR bài báo | M4: Kết quả CR | N4: AVE ≥ 0,5?
A5: CL | B5: CL1 | C5: 0.821 | D5: =C5^2 -> 0.674041 | F5: CL | G5: =COUNTIF($A$5:$A$60,F5) -> 6 | H5: =SUMIF($A$5:$A$60,F5,$D$5:$D$60)/G5 -> 0.593256 | I5: 0.593 | J5: =IF(ABS(H5-I5)<='Hướng dẫn'!$B$20,"Khớp","Lệch") -> Khớp | K5: =SUMIF($A$5:$A$60,F5,$C$5:$C$60)^2/(SUMIF($A$5:$A$60,F5,$C$5:$C$60)^2+G5-SUMIF($A$5:$A$60,F5,$D$5:$D$60)) -> 0.89723462 | L5: 0.897 | M5: =IF(ABS(K5-L5)<='Hướng dẫn'!$B$20,"Khớp","Lệch") -> Khớp | N5: =IF(H5>=0.5,"Đạt","Không đạt") -> Đạt
A6: CL | B6: CL2 | C6: 0.809 | D6: =C6^2 -> 0.654481 | F6: CO | G6: =COUNTIF($A$5:$A$60,F6) -> 3 | H6: =SUMIF($A$5:$A$60,F6,$D$5:$D$60)/G6 -> 0.76408467 | I6: 0.764 | J6: =IF(ABS(H6-I6)<='Hướng dẫn'!$B$20,"Khớp","Lệch") -> Khớp | K6: =SUMIF($A$5:$A$60,F6,$C$5:$C$60)^2/(SUMIF($A$5:$A$60,F6,$C$5:$C$60)^2+G6-SUMIF($A$5:$A$60,F6,$D$5:$D$60)) -> 0.9066622 | L6: 0.907 | M6: =IF(ABS(K6-L6)<='Hướng dẫn'!$B$20,"Khớp","Lệch") -> Khớp | N6: =IF(H6>=0.5,"Đạt","Không đạt") -> Đạt
A7: CL | B7: CL3 | C7: 0.767 | D7: =C7^2 -> 0.588289 | F7: CN | G7: =COUNTIF($A$5:$A$60,F7) -> 3 | H7: =SUMIF($A$5:$A$60,F7,$D$5:$D$60)/G7 -> 0.735027 | I7: 0.735 | J7: =IF(ABS(H7-I7)<='Hướng dẫn'!$B$20,"Khớp","Lệch") -> Khớp | K7: =SUMIF($A$5:$A$60,F7,$C$5:$C$60)^2/(SUMIF($A$5:$A$60,F7,$C$5:$C$60)^2+G7-SUMIF($A$5:$A$60,F7,$D$5:$D$60)) -> 0.89265047 | L7: 0.893 | M7: =IF(ABS(K7-L7)<='Hướng dẫn'!$B$20,"Khớp","Lệch") -> Khớp | N7: =IF(H7>=0.5,"Đạt","Không đạt") -> Đạt
A8: CL | B8: CL4 | C8: 0.728 | D8: =C8^2 -> 0.529984 | F8: FD | G8: =COUNTIF($A$5:$A$60,F8) -> 5 | H8: =SUMIF($A$5:$A$60,F8,$D$5:$D$60)/G8 -> 0.7677582 | I8: 0.768 | J8: =IF(ABS(H8-I8)<='Hướng dẫn'!$B$20,"Khớp","Lệch") -> Khớp | K8: =SUMIF($A$5:$A$60,F8,$C$5:$C$60)^2/(SUMIF($A$5:$A$60,F8,$C$5:$C$60)^2+G8-SUMIF($A$5:$A$60,F8,$D$5:$D$60)) -> 0.94285203 | L8: 0.943 | M8: =IF(ABS(K8-L8)<='Hướng dẫn'!$B$20,"Khớp","Lệch") -> Khớp | N8: =IF(H8>=0.5,"Đạt","Không đạt") -> Đạt
A9: CL | B9: CL5 | C9: 0.77 | D9: =C9^2 -> 0.5929 | F9: TC | G9: =COUNTIF($A$5:$A$60,F9) -> 4 | H9: =SUMIF($A$5:$A$60,F9,$D$5:$D$60)/G9 -> 0.7049765 | I9: 0.705 | J9: =IF(ABS(H9-I9)<='Hướng dẫn'!$B$20,"Khớp","Lệch") -> Khớp | K9: =SUMIF($A$5:$A$60,F9,$C$5:$C$60)^2/(SUMIF($A$5:$A$60,F9,$C$5:$C$60)^2+G9-SUMIF($A$5:$A$60,F9,$D$5:$D$60)) -> 0.90515871 | L9: 0.905 | M9: =IF(ABS(K9-L9)<='Hướng dẫn'!$B$20,"Khớp","Lệch") -> Khớp | N9: =IF(H9>=0.5,"Đạt","Không đạt") -> Đạt
A10: CL | B10: CL6 | C10: 0.721 | D10: =C10^2 -> 0.519841 | F10: RM | G10: =COUNTIF($A$5:$A$60,F10) -> 5 | H10: =SUMIF($A$5:$A$60,F10,$D$5:$D$60)/G10 -> 0.6945976 | I10: 0.695 | J10: =IF(ABS(H10-I10)<='Hướng dẫn'!$B$20,"Khớp","Lệch") -> Khớp | K10: =SUMIF($A$5:$A$60,F10,$C$5:$C$60)^2/(SUMIF($A$5:$A$60,F10,$C$5:$C$60)^2+G10-SUMIF($A$5:$A$60,F10,$D$5:$D$60)) -> 0.91898821 | L10: 0.919 | M10: =IF(ABS(K10-L10)<='Hướng dẫn'!$B$20,"Khớp","Lệch") -> Khớp | N10: =IF(H10>=0.5,"Đạt","Không đạt") -> Đạt
A11: CO | B11: CO1 | C11: 0.855 | D11: =C11^2 -> 0.731025 | F11: MR | G11: =COUNTIF($A$5:$A$60,F11) -> 5 | H11: =SUMIF($A$5:$A$60,F11,$D$5:$D$60)/G11 -> 0.8084454 | I11: 0.808 | J11: =IF(ABS(H11-I11)<='Hướng dẫn'!$B$20,"Khớp","Lệch") -> Khớp | K11: =SUMIF($A$5:$A$60,F11,$C$5:$C$60)^2/(SUMIF($A$5:$A$60,F11,$C$5:$C$60)^2+G11-SUMIF($A$5:$A$60,F11,$D$5:$D$60)) -> 0.95474261 | L11: 0.955 | M11: =IF(ABS(K11-L11)<='Hướng dẫn'!$B$20,"Khớp","Lệch") -> Khớp | N11: =IF(H11>=0.5,"Đạt","Không đạt") -> Đạt
A12: CO | B12: CO2 | C12: 0.877 | D12: =C12^2 -> 0.769129 | F12: EC | G12: =COUNTIF($A$5:$A$60,F12) -> 4 | H12: =SUMIF($A$5:$A$60,F12,$D$5:$D$60)/G12 -> 0.778931 | I12: 0.779 | J12: =IF(ABS(H12-I12)<='Hướng dẫn'!$B$20,"Khớp","Lệch") -> Khớp | K12: =SUMIF($A$5:$A$60,F12,$C$5:$C$60)^2/(SUMIF($A$5:$A$60,F12,$C$5:$C$60)^2+G12-SUMIF($A$5:$A$60,F12,$D$5:$D$60)) -> 0.93373815 | L12: 0.934 | M12: =IF(ABS(K12-L12)<='Hướng dẫn'!$B$20,"Khớp","Lệch") -> Khớp | N12: =IF(H12>=0.5,"Đạt","Không đạt") -> Đạt
A13: CO | B13: CO3 | C13: 0.89 | D13: =C13^2 -> 0.7921 | F13: PO | G13: =COUNTIF($A$5:$A$60,F13) -> 4 | H13: =SUMIF($A$5:$A$60,F13,$D$5:$D$60)/G13 -> 0.79264225 | I13: 0.793 | J13: =IF(ABS(H13-I13)<='Hướng dẫn'!$B$20,"Khớp","Lệch") -> Khớp | K13: =SUMIF($A$5:$A$60,F13,$C$5:$C$60)^2/(SUMIF($A$5:$A$60,F13,$C$5:$C$60)^2+G13-SUMIF($A$5:$A$60,F13,$D$5:$D$60)) -> 0.93860683 | L13: 0.939 | M13: =IF(ABS(K13-L13)<='Hướng dẫn'!$B$20,"Khớp","Lệch") -> Khớp | N13: =IF(H13>=0.5,"Đạt","Không đạt") -> Đạt
A14: CN | B14: CN1 | C14: 0.874 | D14: =C14^2 -> 0.763876 | F14: LP | G14: =COUNTIF($A$5:$A$60,F14) -> 3 | H14: =SUMIF($A$5:$A$60,F14,$D$5:$D$60)/G14 -> 0.73436467 | I14: 0.734 | J14: =IF(ABS(H14-I14)<='Hướng dẫn'!$B$20,"Khớp","Lệch") -> Khớp | K14: =SUMIF($A$5:$A$60,F14,$C$5:$C$60)^2/(SUMIF($A$5:$A$60,F14,$C$5:$C$60)^2+G14-SUMIF($A$5:$A$60,F14,$D$5:$D$60)) -> 0.8921866 | L14: 0.892 | M14: =IF(ABS(K14-L14)<='Hướng dẫn'!$B$20,"Khớp","Lệch") -> Khớp | N14: =IF(H14>=0.5,"Đạt","Không đạt") -> Đạt
A15: CN | B15: CN2 | C15: 0.823 | D15: =C15^2 -> 0.677329 | F15: EN | G15: =COUNTIF($A$5:$A$60,F15) -> 3 | H15: =SUMIF($A$5:$A$60,F15,$D$5:$D$60)/G15 -> 0.805272 | I15: 0.805 | J15: =IF(ABS(H15-I15)<='Hướng dẫn'!$B$20,"Khớp","Lệch") -> Khớp | K15: =SUMIF($A$5:$A$60,F15,$C$5:$C$60)^2/(SUMIF($A$5:$A$60,F15,$C$5:$C$60)^2+G15-SUMIF($A$5:$A$60,F15,$D$5:$D$60)) -> 0.92540156 | L15: 0.925 | M15: =IF(ABS(K15-L15)<='Hướng dẫn'!$B$20,"Khớp","Lệch") -> Khớp | N15: =IF(H15>=0.5,"Đạt","Không đạt") -> Đạt
A16: CN | B16: CN3 | C16: 0.874 | D16: =C16^2 -> 0.763876 | F16: SE | G16: =COUNTIF($A$5:$A$60,F16) -> 3 | H16: =SUMIF($A$5:$A$60,F16,$D$5:$D$60)/G16 -> 0.807627 | I16: 0.808 | J16: =IF(ABS(H16-I16)<='Hướng dẫn'!$B$20,"Khớp","Lệch") -> Khớp | K16: =SUMIF($A$5:$A$60,F16,$C$5:$C$60)^2/(SUMIF($A$5:$A$60,F16,$C$5:$C$60)^2+G16-SUMIF($A$5:$A$60,F16,$D$5:$D$60)) -> 0.92638923 | L16: 0.926 | M16: =IF(ABS(K16-L16)<='Hướng dẫn'!$B$20,"Khớp","Lệch") -> Khớp | N16: =IF(H16>=0.5,"Đạt","Không đạt") -> Đạt
... A18: FD | B18: FD2 | C18: 0.803 | D18: =C18^2 -> 0.644809 | F18: EF | G18: =COUNTIF($A$5:$A$60,F18) -> 5 | H18: =SUMIF($A$5:$A$60,F18,$D$5:$D$60)/G18 -> 0.4943016 | I18: 0.549 | J18: =IF(ABS(H18-I18)<='Hướng dẫn'!$B$20,"Khớp","Lệch") -> Lệch | K18: =SUMIF($A$5:$A$60,F18,$C$5:$C$60)^2/(SUMIF($A$5:$A$60,F18,$C$5:$C$60)^2+G18-SUMIF($A$5:$A$60,F18,$D$5:$D$60)) -> 0.82793095 | L18: 0.826 | M18: =IF(ABS(K18-L18)<='Hướng dẫn'!$B$20,"Khớp","Lệch") -> Lệch | N18: =IF(H18>=0.5,"Đạt","Không đạt") -> Không đạt
A19: FD | B19: FD3 | C19: 0.894 | D19: =C19^2 -> 0.799236
A20: FD | B20: FD4 | C20: 0.911 | D20: =C20^2 -> 0.829921 | F20: Ghi chú: nhóm EF tính với cả 5 câu; tác giả nói đã bỏ EF3 nhưng vẫn in đủ 5 loading.
A21: FD | B21: FD5 | C21: 0.893 | D21: =C21^2 -> 0.797449
A22: TC | B22: TC1 | C22: 0.784 | D22: =C22^2 -> 0.614656
A23: TC | B23: TC2 | C23: 0.855 | D23: =C23^2 -> 0.731025
A24: TC | B24: TC3 | C24: 0.868 | D24: =C24^2 -> 0.753424
A25: TC | B25: TC4 | C25: 0.849 | D25: =C25^2 -> 0.720801
A26: RM | B26: RM1 | C26: 0.833 | D26: =C26^2 -> 0.693889
A27: RM | B27: RM2 | C27: 0.757 | D27: =C27^2 -> 0.573049
A28: RM | B28: RM3 | C28: 0.845 | D28: =C28^2 -> 0.714025
A29: RM | B29: RM4 | C29: 0.883 | D29: =C29^2 -> 0.779689
A30: RM | B30: RM5 | C30: 0.844 | D30: =C30^2 -> 0.712336
A31: MR | B31: MR1 | C31: 0.88 | D31: =C31^2 -> 0.7744
A32: MR | B32: MR2 | C32: 0.893 | D32: =C32^2 -> 0.797449
... A60: EF | B60: EF3 | C60: 0.591 | D60: =C60^2 -> 0.349281

Sheet Fornell-Larcker
A1: TIÊU CHÍ FORNELL–LARCKER (Bảng 9, dựng lại từ các đường chéo trong PDF)
A2: Tam giác dưới: số liệu bài báo. Tam giác trên: công thức đối xứng. Ô đỏ: tương quan lớn hơn √AVE của một trong hai nhóm (vi phạm).
A4: Nhóm | B4: Loại | C4: CL | D4: CN | E4: CO | F4: EC | G4: EN | H4: FD | I4: FM | J4: LP | K4: PO | L4: MR | M4: RM | N4: SE | O4: TC | P4: √AVE | Q4: Tương quan lớn nhất | R4: Với nhóm | S4: Chênh lệch | T4: Kết quả
A5: CL | B5: Nội bộ | D5: =C6 -> 0.655 | E5: =C7 -> 0.768 | F5: =C8 -> 0.684 | G5: =C9 -> 0.566 | H5: =C10 -> 0.72 | I5: =C11 -> 0.514 | J5: =C12 -> 0.596 | K5: =C13 -> 0.604 | L5: =C14 -> 0.64 | M5: =C15 -> 0.743 | N5: =C16 -> 0.58 | O5: =C17 -> 0.747 | P5: 0.77 | Q5: =MAX(C5:O5) -> 0.768 | R5: =INDEX($C$4:$O$4,MATCH(Q5,C5:O5,0)) -> CO | S5: =P5-Q5 -> 0.002 | T5: =IF(S5>0,"Đạt","KHÔNG ĐẠT") -> Đạt
A6: CN | B6: Nội bộ | C6: 0.655 | E6: =D7 -> 0.763 | F6: =D8 -> 0.586 | G6: =D9 -> 0.68 | H6: =D10 -> 0.814 | I6: =D11 -> 0.533 | J6: =D12 -> 0.72 | K6: =D13 -> 0.525 | L6: =D14 -> 0.723 | M6: =D15 -> 0.724 | N6: =D16 -> 0.569 | O6: =D17 -> 0.734 | P6: 0.857 | Q6: =MAX(C6:O6) -> 0.814 | R6: =INDEX($C$4:$O$4,MATCH(Q6,C6:O6,0)) -> FD | S6: =P6-Q6 -> 0.043 | T6: =IF(S6>0,"Đạt","KHÔNG ĐẠT") -> Đạt
A7: CO | B7: Nội bộ | C7: 0.768 | D7: 0.763 | F7: =E8 -> 0.677 | G7: =E9 -> 0.627 | H7: =E10 -> 0.775 | I7: =E11 -> 0.567 | J7: =E12 -> 0.665 | K7: =E13 -> 0.635 | L7: =E14 -> 0.787 | M7: =E15 -> 0.781 | N7: =E16 -> 0.593 | O7: =E17 -> 0.783 | P7: 0.874 | Q7: =MAX(C7:O7) -> 0.787 | R7: =INDEX($C$4:$O$4,MATCH(Q7,C7:O7,0)) -> MR | S7: =P7-Q7 -> 0.087 | T7: =IF(S7>0,"Đạt","KHÔNG ĐẠT") -> Đạt
A8: EC | B8: Bên ngoài | C8: 0.684 | D8: 0.586 | E8: 0.677 | G8: =F9 -> 0.74 | H8: =F10 -> 0.692 | I8: =F11 -> 0.795 | J8: =F12 -> 0.768 | K8: =F13 -> 0.871 | L8: =F14 -> 0.794 | M8: =F15 -> 0.78 | N8: =F16 -> 0.846 | O8: =F17 -> 0.664 | P8: 0.883 | Q8: =MAX(C8:O8) -> 0.871 | R8: =INDEX($C$4:$O$4,MATCH(Q8,C8:O8,0)) -> PO | S8: =P8-Q8 -> 0.012 | T8: =IF(S8>0,"Đạt","KHÔNG ĐẠT") -> Đạt
A9: EN | B9: Bên ngoài | C9: 0.566 | D9: 0.68 | E9: 0.627 | F9: 0.74 | H9: =G10 -> 0.755 | I9: =G11 -> 0.692 | J9: =G12 -> 0.739 | K9: =G13 -> 0.714 | L9: =G14 -> 0.719 | M9: =G15 -> 0.7 | N9: =G16 -> 0.749 | O9: =G17 -> 0.614 | P9: 0.897 | Q9: =MAX(C9:O9) -> 0.755 | R9: =INDEX($C$4:$O$4,MATCH(Q9,C9:O9,0)) -> FD | S9: =P9-Q9 -> 0.142 | T9: =IF(S9>0,"Đạt","KHÔNG ĐẠT") -> Đạt
A10: FD | B10: Nội bộ | C10: 0.72 | D10: 0.814 | E10: 0.775 | F10: 0.692 | G10: 0.755 | I10: =H11 -> 0.6 | J10: =H12 -> 0.743 | K10: =H13 -> 0.638 | L10: =H14 -> 0.78 | M10: =H15 -> 0.77 | N10: =H16 -> 0.71 | O10: =H17 -> 0.819 | P10: 0.876 | Q10: =MAX(C10:O10) -> 0.819 | R10: =INDEX($C$4:$O$4,MATCH(Q10,C10:O10,0)) -> TC | S10: =P10-Q10 -> 0.057 | T10: =IF(S10>0,"Đạt","KHÔNG ĐẠT") -> Đạt
A11: FM | B11: Bên ngoài | C11: 0.514 | D11: 0.533 | E11: 0.567 | F11: 0.795 | G11: 0.692 | H11: 0.6 | J11: =I12 -> 0.718 | K11: =I13 -> 0.802 | L11: =I14 -> 0.762 | M11: =I15 -> 0.701 | N11: =I16 -> 0.804 | O11: =I17 -> 0.641 | P11: 0.873 | Q11: =MAX(C11:O11) -> 0.804 | R11: =INDEX($C$4:$O$4,MATCH(Q11,C11:O11,0)) -> SE | S11: =P11-Q11 -> 0.069 | T11: =IF(S11>0,"Đạt","KHÔNG ĐẠT") -> Đạt
A12: LP | B12: Bên ngoài | C12: 0.596 | D12: 0.72 | E12: 0.665 | F12: 0.768 | G12: 0.739 | H12: 0.743 | I12: 0.718 | K12: =J13 -> 0.777 | L12: =J14 -> 0.77 | M12: =J15 -> 0.745 | N12: =J16 -> 0.782 | O12: =J17 -> 0.71 | P12: 0.857 | Q12: =MAX(C12:O12) -> 0.782 | R12: =INDEX($C$4:$O$4,MATCH(Q12,C12:O12,0)) -> SE | S12: =P12-Q12 -> 0.075 | T12: =IF(S12>0,"Đạt","KHÔNG ĐẠT") -> Đạt
A13: PO | B13: Bên ngoài | C13: 0.604 | D13: 0.525 | E13: 0.635 | F13: 0.871 | G13: 0.714 | H13: 0.638 | I13: 0.802 | J13: 0.777 | L13: =K14 -> 0.768 | M13: =K15 -> 0.755 | N13: =K16 -> 0.803 | O13: =K17 -> 0.676 | P13: 0.89 | Q13: =MAX(C13:O13) -> 0.871 | R13: =INDEX($C$4:$O$4,MATCH(Q13,C13:O13,0)) -> EC | S13: =P13-Q13 -> 0.019 | T13: =IF(S13>0,"Đạt","KHÔNG ĐẠT") -> Đạt
A14: MR | B14: Nội bộ | C14: 0.64 | D14: 0.723 | E14: 0.787 | F14: 0.794 | G14: 0.719 | H14: 0.78 | I14: 0.762 | J14: 0.77 | K14: 0.768 | M14: =L15 -> 0.845 | N14: =L16 -> 0.766 | O14: =L17 -> 0.776 | P14: 0.899 | Q14: =MAX(C14:O14) -> 0.845 | R14: =INDEX($C$4:$O$4,MATCH(Q14,C14:O14,0)) -> RM | S14: =P14-Q14 -> 0.054 | T14: =IF(S14>0,"Đạt","KHÔNG ĐẠT") -> Đạt
A15: RM | B15: Nội bộ | C15: 0.743 | D15: 0.724 | E15: 0.781 | F15: 0.78 | G15: 0.7 | H15: 0.77 | I15: 0.701 | J15: 0.745 | K15: 0.755 | L15: 0.845 | N15: =M16 -> 0.738 | O15: =M17 -> 0.8 | P15: 0.833 | Q15: =MAX(C15:O15) -> 0.845 | R15: =INDEX($C$4:$O$4,MATCH(Q15,C15:O15,0)) -> MR | S15: =P15-Q15 -> -0.012 | T15: =IF(S15>0,"Đạt","KHÔNG ĐẠT") -> KHÔNG ĐẠT
A16: SE | B16: Bên ngoài | C16: 0.58 | D16: 0.569 | E16: 0.593 | F16: 0.846 | G16: 0.749 | H16: 0.71 | I16: 0.804 | J16: 0.782 | K16: 0.803 | L16: 0.766 | M16: 0.738 | O16: =N17 -> 0.65 | P16: 0.899 | Q16: =MAX(C16:O16) -> 0.846 | R16: =INDEX($C$4:$O$4,MATCH(Q16,C16:O16,0)) -> EC | S16: =P16-Q16 -> 0.053 | T16: =IF(S16>0,"Đạt","KHÔNG ĐẠT") -> Đạt
A17: TC | B17: Nội bộ | C17: 0.747 | D17: 0.734 | E17: 0.783 | F17: 0.664 | G17: 0.614 | H17: 0.819 | I17: 0.641 | J17: 0.71 | K17: 0.676 | L17: 0.776 | M17: 0.8 | N17: 0.65 | P17: 0.839 | Q17: =MAX(C17:O17) -> 0.819 | R17: =INDEX($C$4:$O$4,MATCH(Q17,C17:O17,0)) -> FD | S17: =P17-Q17 -> 0.02 | T17: =IF(S17>0,"Đạt","KHÔNG ĐẠT") -> Đạt
A18: √AVE | C18: =P5 -> 0.77 | D18: =P6 -> 0.857 | E18: =P7 -> 0.874 | F18: =P8 -> 0.883 | G18: =P9 -> 0.897 | H18: =P10 -> 0.876 | I18: =P11 -> 0.873 | J18: =P12 -> 0.857 | K18: =P13 -> 0.89 | L18: =P14 -> 0.899 | M18: =P15 -> 0.833 | N18: =P16 -> 0.899 | O18: =P17 -> 0.839
A19: Loại | C19: =B5 -> Nội bộ | D19: =B6 -> Nội bộ | E19: =B7 -> Nội bộ | F19: =B8 -> Bên ngoài | G19: =B9 -> Bên ngoài | H19: =B10 -> Nội bộ | I19: =B11 -> Bên ngoài | J19: =B12 -> Bên ngoài | K19: =B13 -> Bên ngoài | L19: =B14 -> Nội bộ | M19: =B15 -> Nội bộ | N19: =B16 -> Bên ngoài | O19: =B17 -> Nội bộ
A21: Số nhóm không đạt: | D21: =COUNTIF(T5:T17,"KHÔNG ĐẠT") -> 1
A22: Tương quan TB: | D22: =AVERAGE(C5:O17) -> 0.71229487
A23: Số cặp > 0,80: | D23: =COUNTIF(C5:O17,">0.8")/2 -> 8

Sheet Cấu trúc
A1: MÔ HÌNH CẤU TRÚC: Q², GoF, KIỂM TRA R² VÀ f² (Bảng 11–14)
A2: Số phiếu n = 314. SSO = n × số câu của biến, nên SSO/n cho biết dòng nào của Bảng 14 ứng với biến nào.
A4: Số phiếu n | B4: 314
A6: Bảng 14 | B6: SSO | C6: SSE | D6: Q² bài báo | E6: Q² tính lại | F6: Số câu = SSO/n | G6: Suy ra là biến
A7: Dòng 1 | B7: 1256 | C7: 792.239 | D7: 0.369 | E7: =1-C7/B7 -> 0.36923646 | F7: =B7/$B$4 -> 4 | G7: =IF(F7=4,"EF (4 câu, đã bỏ EF3)",IF(F7=20,"Rủi ro bên ngoài",IF(F7=31,"Rủi ro nội bộ","?"))) -> EF (4 câu, đã bỏ EF3)
A8: Dòng 2 | B8: 6280 | C8: 2574.26 | D8: 0.59 | E8: =1-C8/B8 -> 0.59008599 | F8: =B8/$B$4 -> 20 | G8: =IF(F8=4,"EF (4 câu, đã bỏ EF3)",IF(F8=20,"Rủi ro bên ngoài",IF(F8=31,"Rủi ro nội bộ","?"))) -> Rủi ro bên ngoài
A9: Dòng 3 | B9: 9734 | C9: 4602.7 | D9: 0.527 | E9: =1-C9/B9 -> 0.52715225 | F9: =B9/$B$4 -> 31 | G9: =IF(F9=4,"EF (4 câu, đã bỏ EF3)",IF(F9=20,"Rủi ro bên ngoài",IF(F9=31,"Rủi ro nội bộ","?"))) -> Rủi ro nội bộ
A12: GoF = √(R² × AVE trung bình) | B12: R² | C12: AVE TB | D12: GoF tính | E12: GoF bài báo
A13: Theo số bài báo dùng | B13: 0.72 | C13: 0.566 | D13: =SQRT(B13*C13) -> 0.63837293 | E13: 0.638
A14: AVE TB của 13 nhóm (sheet AVE-CR) | B14: =B13 -> 0.72 | C14: =AVERAGE('AVE-CR'!I5:I17) -> 0.75 | D14: =SQRT(B14*C14) -> 0.73484692 | E14: —
A17: Kiểm tra R², f² từ β và Bảng 9 | B17: Giá trị | C17: Bài báo | D17: Chênh lệch
A18: β nội bộ → EF | B18: 0.2
A19: β bên ngoài → EF | B19: 0.673
A20: Tổng tương quan khối nội bộ (cả đường chéo = 1) | B20: =SUMPRODUCT(('Fornell-Larcker'!$B$5:$B$17="Nội bộ")*('Fornell-Larcker'!$C$19:$O$19="Nội bộ")*'Fornell-Larcker'!$C$5:$O$17)+7 -> 38.894
A21: Tổng tương quan khối bên ngoài (cả đường chéo = 1) | B21: =SUMPRODUCT(('Fornell-Larcker'!$B$5:$B$17="Bên ngoài")*('Fornell-Larcker'!$C$19:$O$19="Bên ngoài")*'Fornell-Larcker'!$C$5:$O$17)+6 -> 29.2
A22: Tổng tương quan chéo nội bộ × bên ngoài | B22: =SUMPRODUCT(('Fornell-Larcker'!$B$5:$B$17="Nội bộ")*('Fornell-Larcker'!$C$19:$O$19="Bên ngoài")*'Fornell-Larcker'!$C$5:$O$17) -> 28.012
A23: r = tương quan giữa TB nhóm nội bộ và TB nhóm bên ngoài | B23: =B22/SQRT(B20*B21) -> 0.8312112
A24: R² = β₁² + β₂² + 2β₁β₂r | B24: =B18^2+B19^2+2*B18*B19*B23 -> 0.71669106 | C24: 0.72 | D24: =B24-C24 -> -0.0033089446
A25: f² nội bộ = (R² − (β₂ + β₁r)²) / (1 − R²) | B25: =(B24-(B19+B18*B23)^2)/(1-B24) -> 0.043639701 | C25: 0.042 | D25: =B25-C25 -> 0.0016397007
A26: f² bên ngoài = (R² − (β₁ + β₂r)²) / (1 − R²) | B26: =(B24-(B18+B19*B23)^2)/(1-B24) -> 0.49414215 | C26: 0.471 | D26: =B26-C26 -> 0.02314215
A28: r là xấp xỉ (trung bình đều các nhóm); bài báo dùng trọng số PLS không công bố.

Sheet Mô phỏng
A1: SO SÁNH VỚI KẾT QUẢ PLS-SEM TRÊN DỮ LIỆU MÔ PHỎNG
A2: Cột 'Mô phỏng' là kết quả do src/phan_tich_mo_phong.py tính (bootstrapping 5000 lần), đọc từ results/tables/mp_tong_hieu_ung.csv.
A4: Nhóm | B4: β bài báo | C4: β mô phỏng | D4: SE bài báo | E4: SE mô phỏng | F4: t bài báo | G4: t mô phỏng | H4: Tỷ lệ SE mô phỏng / bài báo
A5: CL | B5: 0.169 | C5: 0.0526 | D5: =B5/F5 -> 0.0064380952 | E5: 0.0115 | F5: 26.25 | G5: =C5/E5 -> 4.573913 | H5: =E5/D5 -> 1.7862426
A6: CO | B6: 0.114 | C6: 0.0395 | D6: =B6/F6 -> 0.0035411425 | E6: 0.0086 | F6: 32.193 | G6: =C6/E6 -> 4.5930233 | H6: =E6/D6 -> 2.4285947
A7: CN | B7: 0.097 | C7: 0.0325 | D7: =B7/F7 -> 0.0031428201 | E7: 0.0071 | F7: 30.864 | G7: =C7/E7 -> 4.5774648 | H7: =E7/D7 -> 2.2591175
A8: FD | B8: 0.197 | C8: 0.0614 | D8: =B8/F8 -> 0.0055911903 | E8: 0.0131 | F8: 35.234 | G8: =C8/E8 -> 4.6870229 | H8: =E8/D8 -> 2.3429716
A9: TC | B9: 0.143 | C9: 0.0446 | D9: =B9/F9 -> 0.0032735847 | E9: 0.0095 | F9: 43.683 | G9: =C9/E9 -> 4.6947368 | H9: =E9/D9 -> 2.9020175
A10: RM | B10: 0.186 | C10: 0.0547 | D10: =B10/F10 -> 0.0045458989 | E10: 0.0116 | F10: 40.916 | G10: =C10/E10 -> 4.7155172 | H10: =E10/D10 -> 2.5517505
A11: MR | B11: 0.213 | C11: 0.0661 | D11: =B11/F11 -> 0.0058710033 | E11: 0.014 | F11: 36.28 | G11: =C11/E11 -> 4.7214286 | H11: =E11/D11 -> 2.3846009
A12: EC | B12: 0.231 | C12: 0.1166 | D12: =B12/F12 -> 0.0052402341 | E12: 0.0151 | F12: 44.082 | G12: =C12/E12 -> 7.7218543 | H12: =E12/D12 -> 2.8815506
A13: PO | B13: 0.236 | C13: 0.1149 | D13: =B13/F13 -> 0.0055954667 | E13: 0.0147 | F13: 42.177 | G13: =C13/E13 -> 7.8163265 | H13: =E13/D13 -> 2.6271267
A14: LP | B14: 0.152 | C14: 0.0827 | D14: =B14/F14 -> 0.0045567647 | E14: 0.0109 | F14: 33.357 | G14: =C14/E14 -> 7.587156 | H14: =E14/D14 -> 2.392048
A15: EN | B15: 0.154 | C15: 0.0851 | D15: =B15/F15 -> 0.0053054053 | E15: 0.0111 | F15: 29.027 | G15: =C15/E15 -> 7.6666667 | H15: =E15/D15 -> 2.0922058
A16: SE | B16: 0.18 | C16: 0.0847 | D16: =B16/F16 -> 0.0044385264 | E16: 0.0111 | F16: 40.554 | G16: =C16/E16 -> 7.6306306 | H16: =E16/D16 -> 2.50083
A17: FM | B17: 0.152 | C17: 0.0811 | D17: =B17/F17 -> 0.0042090106 | E17: 0.0108 | F17: 36.113 | G17: =C17/E17 -> 7.5092593 | H17: =E17/D17 -> 2.5659237
A18: TB | B18: =AVERAGE(B5:B17) -> 0.17107692 | C18: =AVERAGE(C5:C17) -> 0.0705 | D18: =AVERAGE(D5:D17) -> 0.0047499341 | E18: =AVERAGE(E5:E17) -> 0.011469231 | F18: =AVERAGE(F5:F17) -> 36.21 | G18: =AVERAGE(G5:G17) -> 6.0380769 | H18: =AVERAGE(H5:H17) -> 2.4396139
