Workbook

Sheet WBS
A1: CẤU TRÚC PHÂN RÃ CÔNG VIỆC (WBS) – BÁO CÁO GIỮA KỲ
A2: Ngày báo cáo: | B2: 46321
A3: Ô nền vàng chữ xanh: dữ liệu nhập tay. Các cột còn lại là công thức. KH = kế hoạch theo PLAN.md (18/10); TT = thực tế theo lịch sử commit.
A5: WBS | B5: Công việc | C5: KH bắt đầu | D5: KH kết thúc | E5: TT bắt đầu | F5: TT kết thúc | G5: Thời lượng KH (ngày) | H5: Chênh lệch kết thúc (ngày) | I5: % hoàn thành | J5: Giờ công | K5: Trạng thái | L5: Sản phẩm | M5: Mục barem
A6: 1 | B6: Khởi động dự án | C6: =MIN(C7:C8) -> 46313 | D6: =MAX(D7:D8) -> 46313 | G6: =D6-C6+1 -> 1 | I6: =IFERROR(SUMPRODUCT(I7:I8,J7:J8)/SUM(J7:J8),0) -> 0.75 | J6: =SUM(J7:J8) -> 4
A7: 1.1 | B7: Tạo repo, kế hoạch, cấu trúc thư mục | C7: 46313 | D7: 46313 | E7: 46314 | F7: 46314 | G7: =D7-C7+1 -> 1 | H7: =IF(F7="","",F7-D7) -> 1 | I7: 1 | J7: 3 | K7: =IF(I7>=1,"Hoàn thành",IF(I7>0,"Đang làm",IF(D7<$B$2,"Trễ hạn","Chưa bắt đầu"))) -> Hoàn thành | L7: PLAN.md, README.md | M7: GitHub
A8: 1.2 | B8: Gửi email xin dữ liệu gốc cho tác giả | C8: 46313 | D8: 46313 | G8: =D8-C8+1 -> 1 | H8: =IF(F8="","",F8-D8) | I8: 0 | J8: 1 | K8: =IF(I8>=1,"Hoàn thành",IF(I8>0,"Đang làm",IF(D8<$B$2,"Trễ hạn","Chưa bắt đầu"))) -> Trễ hạn | L8: docs/email-xin-du-lieu.md | M8: Tái hiện
A9: 2 | B9: Đọc hiểu bài báo | C9: =MIN(C10:C12) -> 46314 | D9: =MAX(D10:D12) -> 46316 | G9: =D9-C9+1 -> 3 | I9: =IFERROR(SUMPRODUCT(I10:I12,J10:J12)/SUM(J10:J12),0) -> 1 | J9: =SUM(J10:J12) -> 12
A10: 2.1 | B10: Ghi chú mục 1–3, bảng thuật ngữ | C10: 46314 | D10: 46315 | E10: 46315 | F10: 46315 | G10: =D10-C10+1 -> 2 | H10: =IF(F10="","",F10-D10) -> 0 | I10: 1 | J10: 6 | K10: =IF(I10>=1,"Hoàn thành",IF(I10>0,"Đang làm",IF(D10<$B$2,"Trễ hạn","Chưa bắt đầu"))) -> Hoàn thành | L10: docs/notes/01, 02, thuat-ngu | M10: Nội dung
A11: 2.2 | B11: Ghi chú kết quả, tổng hợp điểm mâu thuẫn | C11: 46316 | D11: 46316 | E11: 46315 | F11: 46315 | G11: =D11-C11+1 -> 1 | H11: =IF(F11="","",F11-D11) -> -1 | I11: 1 | J11: 4 | K11: =IF(I11>=1,"Hoàn thành",IF(I11>0,"Đang làm",IF(D11<$B$2,"Trễ hạn","Chưa bắt đầu"))) -> Hoàn thành | L11: docs/notes/03, 04 | M11: Mở rộng
A12: 2.3 | B12: Lập danh sách tài liệu tham khảo | C12: 46316 | D12: 46316 | E12: 46315 | F12: 46315 | G12: =D12-C12+1 -> 1 | H12: =IF(F12="","",F12-D12) -> -1 | I12: 1 | J12: 2 | K12: =IF(I12>=1,"Hoàn thành",IF(I12>0,"Đang làm",IF(D12<$B$2,"Trễ hạn","Chưa bắt đầu"))) -> Hoàn thành | L12: docs/tai-lieu-tham-khao.md | M12: Nội dung
A13: 3 | B13: Tái hiện thực nghiệm | C13: =MIN(C14:C18) -> 46317 | D13: =MAX(D14:D18) -> 46323 | G13: =D13-C13+1 -> 7 | I13: =IFERROR(SUMPRODUCT(I14:I18,J14:J18)/SUM(J14:J18),0) -> 1 | J13: =SUM(J14:J18) -> 24
A14: 3.1 | B14: Nhập số liệu các bảng của bài báo | C14: 46317 | D14: 46318 | E14: 46321 | F14: 46321 | G14: =D14-C14+1 -> 2 | H14: =IF(F14="","",F14-D14) -> 3 | I14: 1 | J14: 3 | K14: =IF(I14>=1,"Hoàn thành",IF(I14>0,"Đang làm",IF(D14<$B$2,"Trễ hạn","Chưa bắt đầu"))) -> Hoàn thành | L14: data/published/*.csv | M14: Tái hiện
A15: 3.2 | B15: Kiểm tra lại số liệu đã công bố | C15: 46318 | D15: 46318 | E15: 46321 | F15: 46321 | G15: =D15-C15+1 -> 1 | H15: =IF(F15="","",F15-D15) -> 3 | I15: 1 | J15: 5 | K15: =IF(I15>=1,"Hoàn thành",IF(I15>0,"Đang làm",IF(D15<$B$2,"Trễ hạn","Chưa bắt đầu"))) -> Hoàn thành | L15: src/kiem_tra_so_lieu.py | M15: Tái hiện
A16: 3.3 | B16: Sinh dữ liệu mô phỏng 314 phiếu | C16: 46322 | D16: 46322 | E16: 46321 | F16: 46321 | G16: =D16-C16+1 -> 1 | H16: =IF(F16="","",F16-D16) -> -1 | I16: 1 | J16: 4 | K16: =IF(I16>=1,"Hoàn thành",IF(I16>0,"Đang làm",IF(D16<$B$2,"Trễ hạn","Chưa bắt đầu"))) -> Hoàn thành | L16: data/simulated | M16: Tái hiện
A17: 3.4 | B17: Cronbach, RII, PIM trên dữ liệu mô phỏng | C17: 46322 | D17: 46322 | E17: 46321 | F17: 46321 | G17: =D17-C17+1 -> 1 | H17: =IF(F17="","",F17-D17) -> -1 | I17: 1 | J17: 4 | K17: =IF(I17>=1,"Hoàn thành",IF(I17>0,"Đang làm",IF(D17<$B$2,"Trễ hạn","Chưa bắt đầu"))) -> Hoàn thành | L17: results | M17: Tái hiện
A18: 3.5 | B18: PLS-SEM, bootstrapping, HTMT | C18: 46323 | D18: 46323 | E18: 46321 | F18: 46321 | G18: =D18-C18+1 -> 1 | H18: =IF(F18="","",F18-D18) -> -2 | I18: 1 | J18: 8 | K18: =IF(I18>=1,"Hoàn thành",IF(I18>0,"Đang làm",IF(D18<$B$2,"Trễ hạn","Chưa bắt đầu"))) -> Hoàn thành | L18: src, results | M18: Tái hiện
A19: 4 | B19: Viết báo cáo | C19: =MIN(C20:C28) -> 46317 | D19: =MAX(D20:D28) -> 46328 | G19: =D19-C19+1 -> 12 | I19: =IFERROR(SUMPRODUCT(I20:I28,J20:J28)/SUM(J20:J28),0) -> 0.95384615 | J19: =SUM(J20:J28) -> 52
A20: 4.1 | B20: Dựng khung LaTeX theo mẫu KLTN | C20: 46317 | D20: 46317 | E20: 46321 | F20: 46321 | G20: =D20-C20+1 -> 1 | H20: =IF(F20="","",F20-D20) -> 4 | I20: 1 | J20: 2 | K20: =IF(I20>=1,"Hoàn thành",IF(I20>0,"Đang làm",IF(D20<$B$2,"Trễ hạn","Chưa bắt đầu"))) -> Hoàn thành | L20: report/main.tex | M20: Hình thức
A21: 4.2 | B21: Viết Chương 1 – Tổng quan | C21: 46319 | D21: 46319 | E21: 46321 | F21: 46321 | G21: =D21-C21+1 -> 1 | H21: =IF(F21="","",F21-D21) -> 2 | I21: 1 | J21: 5 | K21: =IF(I21>=1,"Hoàn thành",IF(I21>0,"Đang làm",IF(D21<$B$2,"Trễ hạn","Chưa bắt đầu"))) -> Hoàn thành | L21: report/chuong/chuong1.tex | M21: Nội dung
A22: 4.3 | B22: Vẽ sơ đồ tư duy và sơ đồ mô hình | C22: 46320 | D22: 46320 | E22: 46321 | F22: 46321 | G22: =D22-C22+1 -> 1 | H22: =IF(F22="","",F22-D22) -> 1 | I22: 1 | J22: 3 | K22: =IF(I22>=1,"Hoàn thành",IF(I22>0,"Đang làm",IF(D22<$B$2,"Trễ hạn","Chưa bắt đầu"))) -> Hoàn thành | L22: report/hinh | M22: Nội dung
A23: 4.4 | B23: Viết Chương 2 – Phương pháp và mô hình | C23: 46320 | D23: 46321 | E23: 46321 | F23: 46321 | G23: =D23-C23+1 -> 2 | H23: =IF(F23="","",F23-D23) -> 0 | I23: 1 | J23: 8 | K23: =IF(I23>=1,"Hoàn thành",IF(I23>0,"Đang làm",IF(D23<$B$2,"Trễ hạn","Chưa bắt đầu"))) -> Hoàn thành | L23: report/chuong/chuong2.tex | M23: Nội dung
A24: 4.5 | B24: Viết Chương 3 – Tái hiện thực nghiệm | C24: 46324 | D24: 46324 | E24: 46321 | F24: 46321 | G24: =D24-C24+1 -> 1 | H24: =IF(F24="","",F24-D24) -> -3 | I24: 1 | J24: 8 | K24: =IF(I24>=1,"Hoàn thành",IF(I24>0,"Đang làm",IF(D24<$B$2,"Trễ hạn","Chưa bắt đầu"))) -> Hoàn thành | L24: report/chuong/chuong3.tex | M24: Tái hiện
A25: 4.6 | B25: Ví dụ thực tế 1: dự án dầu khí Việt Nam | C25: 46325 | D25: 46325 | E25: 46321 | F25: 46321 | G25: =D25-C25+1 -> 1 | H25: =IF(F25="","",F25-D25) -> -4 | I25: 1 | J25: 6 | K25: =IF(I25>=1,"Hoàn thành",IF(I25>0,"Đang làm",IF(D25<$B$2,"Trễ hạn","Chưa bắt đầu"))) -> Hoàn thành | L25: chuong4.tex | M25: Mở rộng
A26: 4.7 | B26: Ví dụ thực tế 2: dự án HTTT (MS Project, Excel) | C26: 46326 | D26: 46326 | E26: 46321 | F26: 46321 | G26: =D26-C26+1 -> 1 | H26: =IF(F26="","",F26-D26) -> -5 | I26: 1 | J26: 8 | K26: =IF(I26>=1,"Hoàn thành",IF(I26>0,"Đang làm",IF(D26<$B$2,"Trễ hạn","Chưa bắt đầu"))) -> Hoàn thành | L26: chuong4.tex | M26: Mở rộng
A27: 4.8 | B27: Mô phỏng Monte Carlo, phản biện bài báo | C27: 46327 | D27: 46327 | E27: 46321 | F27: 46321 | G27: =D27-C27+1 -> 1 | H27: =IF(F27="","",F27-D27) -> -6 | I27: 1 | J27: 6 | K27: =IF(I27>=1,"Hoàn thành",IF(I27>0,"Đang làm",IF(D27<$B$2,"Trễ hạn","Chưa bắt đầu"))) -> Hoàn thành | L27: chuong4.tex | M27: Mở rộng
A28: 4.9 | B28: Mở đầu, kết luận, rà soát, xuất PDF | C28: 46328 | D28: 46328 | E28: 46321 | G28: =D28-C28+1 -> 1 | H28: =IF(F28="","",F28-D28) | I28: 0.6 | J28: 6 | K28: =IF(I28>=1,"Hoàn thành",IF(I28>0,"Đang làm",IF(D28<$B$2,"Trễ hạn","Chưa bắt đầu"))) -> Đang làm | L28: bao-cao.pdf | M28: Hình thức
A29: 5 | B29: Thuyết trình và nộp bài | C29: =MIN(C30:C32) -> 46329 | D29: =MAX(D30:D32) -> 46330 | G29: =D29-C29+1 -> 2 | I29: =IFERROR(SUMPRODUCT(I30:I32,J30:J32)/SUM(J30:J32),0) -> 0 | J29: =SUM(J30:J32) -> 7
A30: 5.1 | B30: Làm slide (≤ 15 slide nội dung) | C30: 46329 | D30: 46329 | G30: =D30-C30+1 -> 1 | H30: =IF(F30="","",F30-D30) | I30: 0 | J30: 4 | K30: =IF(I30>=1,"Hoàn thành",IF(I30>0,"Đang làm",IF(D30<$B$2,"Trễ hạn","Chưa bắt đầu"))) -> Chưa bắt đầu | L30: slides/ | M30: Thuyết trình
A31: 5.2 | B31: Tập thuyết trình, soạn câu hỏi | C31: 46329 | D31: 46329 | G31: =D31-C31+1 -> 1 | H31: =IF(F31="","",F31-D31) | I31: 0 | J31: 3 | K31: =IF(I31>=1,"Hoàn thành",IF(I31>0,"Đang làm",IF(D31<$B$2,"Trễ hạn","Chưa bắt đầu"))) -> Chưa bắt đầu | M31: Thuyết trình
A32: 5.3 | B32: Nộp bài | C32: 46330 | D32: 46330 | G32: =D32-C32+1 -> 1 | H32: =IF(F32="","",F32-D32) | I32: 0 | J32: 0 | K32: =IF(I32>=1,"Hoàn thành",IF(I32>0,"Đang làm",IF(D32<$B$2,"Trễ hạn","Chưa bắt đầu"))) -> Chưa bắt đầu | L32: Mốc | M32: Hình thức
A33: 6 | B33: Quản lý dự án | C33: =MIN(C34:C34) -> 46321 | D33: =MAX(D34:D34) -> 46321 | G33: =D33-C33+1 -> 1 | I33: =IFERROR(SUMPRODUCT(I34:I34,J34:J34)/SUM(J34:J34),0) -> 1 | J33: =SUM(J34:J34) -> 2
A34: 6.1 | B34: Lập WBS, Gantt, sổ rủi ro (Excel, MS Project) | C34: 46321 | D34: 46321 | E34: 46321 | F34: 46321 | G34: =D34-C34+1 -> 1 | H34: =IF(F34="","",F34-D34) -> 0 | I34: 1 | J34: 2 | K34: =IF(I34>=1,"Hoàn thành",IF(I34>0,"Đang làm",IF(D34<$B$2,"Trễ hạn","Chưa bắt đầu"))) -> Hoàn thành | L34: quan-ly-du-an/ | M34: Mở rộng
B36: TOÀN DỰ ÁN (tính theo giờ công) | I36: =(I6*J6+I9*J9+I13*J13+I19*J19+I29*J29+I33*J33)/(J6+J9+J13+J19+J29+J33) -> 0.8970297
B37: Số việc trễ hạn | I37: =COUNTIF(K6:K34,"Trễ hạn") -> 1
B38: Tổng giờ công kế hoạch | I38: =J6+J9+J13+J19+J29+J33 -> 101

Sheet Gantt
A1: BIỂU ĐỒ GANTT – KẾ HOẠCH (□) VÀ THỰC TẾ (■)
A2: Tự cập nhật theo sheet WBS. Cột tô viền đỏ là ngày báo cáo (WBS!B2).
C3: Tháng 10/2026 | Q3: Tháng 11
A4: WBS | B4: Công việc | C4: 46313 | D4: 46314 | E4: 46315 | F4: 46316 | G4: 46317 | H4: 46318 | I4: 46319 | J4: 46320 | K4: 46321 | L4: 46322 | M4: 46323 | N4: 46324 | O4: 46325 | P4: 46326 | Q4: 46327 | R4: 46328 | S4: 46329 | T4: 46330
A5: =WBS!A6 -> 1 | B5: =WBS!B6 -> Khởi động dự án | C5: =IF(WBS!$C6="","",IF(AND(WBS!$E6<>"",C$4>=WBS!$E6,C$4<=WBS!$F6),"■",IF(AND(C$4>=WBS!$C6,C$4<=WBS!$D6),"□",""))) -> □ | D5: =IF(WBS!$C6="","",IF(AND(WBS!$E6<>"",D$4>=WBS!$E6,D$4<=WBS!$F6),"■",IF(AND(D$4>=WBS!$C6,D$4<=WBS!$D6),"□",""))) | E5: =IF(WBS!$C6="","",IF(AND(WBS!$E6<>"",E$4>=WBS!$E6,E$4<=WBS!$F6),"■",IF(AND(E$4>=WBS!$C6,E$4<=WBS!$D6),"□",""))) | F5: =IF(WBS!$C6="","",IF(AND(WBS!$E6<>"",F$4>=WBS!$E6,F$4<=WBS!$F6),"■",IF(AND(F$4>=WBS!$C6,F$4<=WBS!$D6),"□",""))) | G5: =IF(WBS!$C6="","",IF(AND(WBS!$E6<>"",G$4>=WBS!$E6,G$4<=WBS!$F6),"■",IF(AND(G$4>=WBS!$C6,G$4<=WBS!$D6),"□",""))) | H5: =IF(WBS!$C6="","",IF(AND(WBS!$E6<>"",H$4>=WBS!$E6,H$4<=WBS!$F6),"■",IF(AND(H$4>=WBS!$C6,H$4<=WBS!$D6),"□",""))) | I5: =IF(WBS!$C6="","",IF(AND(WBS!$E6<>"",I$4>=WBS!$E6,I$4<=WBS!$F6),"■",IF(AND(I$4>=WBS!$C6,I$4<=WBS!$D6),"□",""))) | J5: =IF(WBS!$C6="","",IF(AND(WBS!$E6<>"",J$4>=WBS!$E6,J$4<=WBS!$F6),"■",IF(AND(J$4>=WBS!$C6,J$4<=WBS!$D6),"□",""))) | ... T5: =IF(WBS!$C6="","",IF(AND(WBS!$E6<>"",T$4>=WBS!$E6,T$4<=WBS!$F6),"■",IF(AND(T$4>=WBS!$C6,T$4<=WBS!$D6),"□","")))
A6: =WBS!A7 -> 1.1 | B6: =WBS!B7 -> Tạo repo, kế hoạch, cấu trúc thư mục | C6: =IF(WBS!$C7="","",IF(AND(WBS!$E7<>"",C$4>=WBS!$E7,C$4<=WBS!$F7),"■",IF(AND(C$4>=WBS!$C7,C$4<=WBS!$D7),"□",""))) -> □ | D6: =IF(WBS!$C7="","",IF(AND(WBS!$E7<>"",D$4>=WBS!$E7,D$4<=WBS!$F7),"■",IF(AND(D$4>=WBS!$C7,D$4<=WBS!$D7),"□",""))) -> ■ | E6: =IF(WBS!$C7="","",IF(AND(WBS!$E7<>"",E$4>=WBS!$E7,E$4<=WBS!$F7),"■",IF(AND(E$4>=WBS!$C7,E$4<=WBS!$D7),"□",""))) | F6: =IF(WBS!$C7="","",IF(AND(WBS!$E7<>"",F$4>=WBS!$E7,F$4<=WBS!$F7),"■",IF(AND(F$4>=WBS!$C7,F$4<=WBS!$D7),"□",""))) | G6: =IF(WBS!$C7="","",IF(AND(WBS!$E7<>"",G$4>=WBS!$E7,G$4<=WBS!$F7),"■",IF(AND(G$4>=WBS!$C7,G$4<=WBS!$D7),"□",""))) | H6: =IF(WBS!$C7="","",IF(AND(WBS!$E7<>"",H$4>=WBS!$E7,H$4<=WBS!$F7),"■",IF(AND(H$4>=WBS!$C7,H$4<=WBS!$D7),"□",""))) | I6: =IF(WBS!$C7="","",IF(AND(WBS!$E7<>"",I$4>=WBS!$E7,I$4<=WBS!$F7),"■",IF(AND(I$4>=WBS!$C7,I$4<=WBS!$D7),"□",""))) | J6: =IF(WBS!$C7="","",IF(AND(WBS!$E7<>"",J$4>=WBS!$E7,J$4<=WBS!$F7),"■",IF(AND(J$4>=WBS!$C7,J$4<=WBS!$D7),"□",""))) | ... T6: =IF(WBS!$C7="","",IF(AND(WBS!$E7<>"",T$4>=WBS!$E7,T$4<=WBS!$F7),"■",IF(AND(T$4>=WBS!$C7,T$4<=WBS!$D7),"□","")))
A7: =WBS!A8 -> 1.2 | B7: =WBS!B8 -> Gửi email xin dữ liệu gốc cho tác giả | C7: =IF(WBS!$C8="","",IF(AND(WBS!$E8<>"",C$4>=WBS!$E8,C$4<=WBS!$F8),"■",IF(AND(C$4>=WBS!$C8,C$4<=WBS!$D8),"□",""))) -> □ | D7: =IF(WBS!$C8="","",IF(AND(WBS!$E8<>"",D$4>=WBS!$E8,D$4<=WBS!$F8),"■",IF(AND(D$4>=WBS!$C8,D$4<=WBS!$D8),"□",""))) | E7: =IF(WBS!$C8="","",IF(AND(WBS!$E8<>"",E$4>=WBS!$E8,E$4<=WBS!$F8),"■",IF(AND(E$4>=WBS!$C8,E$4<=WBS!$D8),"□",""))) | F7: =IF(WBS!$C8="","",IF(AND(WBS!$E8<>"",F$4>=WBS!$E8,F$4<=WBS!$F8),"■",IF(AND(F$4>=WBS!$C8,F$4<=WBS!$D8),"□",""))) | G7: =IF(WBS!$C8="","",IF(AND(WBS!$E8<>"",G$4>=WBS!$E8,G$4<=WBS!$F8),"■",IF(AND(G$4>=WBS!$C8,G$4<=WBS!$D8),"□",""))) | H7: =IF(WBS!$C8="","",IF(AND(WBS!$E8<>"",H$4>=WBS!$E8,H$4<=WBS!$F8),"■",IF(AND(H$4>=WBS!$C8,H$4<=WBS!$D8),"□",""))) | I7: =IF(WBS!$C8="","",IF(AND(WBS!$E8<>"",I$4>=WBS!$E8,I$4<=WBS!$F8),"■",IF(AND(I$4>=WBS!$C8,I$4<=WBS!$D8),"□",""))) | J7: =IF(WBS!$C8="","",IF(AND(WBS!$E8<>"",J$4>=WBS!$E8,J$4<=WBS!$F8),"■",IF(AND(J$4>=WBS!$C8,J$4<=WBS!$D8),"□",""))) | ... T7: =IF(WBS!$C8="","",IF(AND(WBS!$E8<>"",T$4>=WBS!$E8,T$4<=WBS!$F8),"■",IF(AND(T$4>=WBS!$C8,T$4<=WBS!$D8),"□","")))
A8: =WBS!A9 -> 2 | B8: =WBS!B9 -> Đọc hiểu bài báo | C8: =IF(WBS!$C9="","",IF(AND(WBS!$E9<>"",C$4>=WBS!$E9,C$4<=WBS!$F9),"■",IF(AND(C$4>=WBS!$C9,C$4<=WBS!$D9),"□",""))) | D8: =IF(WBS!$C9="","",IF(AND(WBS!$E9<>"",D$4>=WBS!$E9,D$4<=WBS!$F9),"■",IF(AND(D$4>=WBS!$C9,D$4<=WBS!$D9),"□",""))) -> □ | E8: =IF(WBS!$C9="","",IF(AND(WBS!$E9<>"",E$4>=WBS!$E9,E$4<=WBS!$F9),"■",IF(AND(E$4>=WBS!$C9,E$4<=WBS!$D9),"□",""))) -> □ | F8: =IF(WBS!$C9="","",IF(AND(WBS!$E9<>"",F$4>=WBS!$E9,F$4<=WBS!$F9),"■",IF(AND(F$4>=WBS!$C9,F$4<=WBS!$D9),"□",""))) -> □ | G8: =IF(WBS!$C9="","",IF(AND(WBS!$E9<>"",G$4>=WBS!$E9,G$4<=WBS!$F9),"■",IF(AND(G$4>=WBS!$C9,G$4<=WBS!$D9),"□",""))) | H8: =IF(WBS!$C9="","",IF(AND(WBS!$E9<>"",H$4>=WBS!$E9,H$4<=WBS!$F9),"■",IF(AND(H$4>=WBS!$C9,H$4<=WBS!$D9),"□",""))) | I8: =IF(WBS!$C9="","",IF(AND(WBS!$E9<>"",I$4>=WBS!$E9,I$4<=WBS!$F9),"■",IF(AND(I$4>=WBS!$C9,I$4<=WBS!$D9),"□",""))) | J8: =IF(WBS!$C9="","",IF(AND(WBS!$E9<>"",J$4>=WBS!$E9,J$4<=WBS!$F9),"■",IF(AND(J$4>=WBS!$C9,J$4<=WBS!$D9),"□",""))) | ... T8: =IF(WBS!$C9="","",IF(AND(WBS!$E9<>"",T$4>=WBS!$E9,T$4<=WBS!$F9),"■",IF(AND(T$4>=WBS!$C9,T$4<=WBS!$D9),"□","")))
A9: =WBS!A10 -> 2.1 | B9: =WBS!B10 -> Ghi chú mục 1–3, bảng thuật ngữ | C9: =IF(WBS!$C10="","",IF(AND(WBS!$E10<>"",C$4>=WBS!$E10,C$4<=WBS!$F10),"■",IF(AND(C$4>=WBS!$C10,C$4<=WBS!$D10),"□",""))) | D9: =IF(WBS!$C10="","",IF(AND(WBS!$E10<>"",D$4>=WBS!$E10,D$4<=WBS!$F10),"■",IF(AND(D$4>=WBS!$C10,D$4<=WBS!$D10),"□",""))) -> □ | E9: =IF(WBS!$C10="","",IF(AND(WBS!$E10<>"",E$4>=WBS!$E10,E$4<=WBS!$F10),"■",IF(AND(E$4>=WBS!$C10,E$4<=WBS!$D10),"□",""))) -> ■ | F9: =IF(WBS!$C10="","",IF(AND(WBS!$E10<>"",F$4>=WBS!$E10,F$4<=WBS!$F10),"■",IF(AND(F$4>=WBS!$C10,F$4<=WBS!$D10),"□",""))) | G9: =IF(WBS!$C10="","",IF(AND(WBS!$E10<>"",G$4>=WBS!$E10,G$4<=WBS!$F10),"■",IF(AND(G$4>=WBS!$C10,G$4<=WBS!$D10),"□",""))) | H9: =IF(WBS!$C10="","",IF(AND(WBS!$E10<>"",H$4>=WBS!$E10,H$4<=WBS!$F10),"■",IF(AND(H$4>=WBS!$C10,H$4<=WBS!$D10),"□",""))) | I9: =IF(WBS!$C10="","",IF(AND(WBS!$E10<>"",I$4>=WBS!$E10,I$4<=WBS!$F10),"■",IF(AND(I$4>=WBS!$C10,I$4<=WBS!$D10),"□",""))) | J9: =IF(WBS!$C10="","",IF(AND(WBS!$E10<>"",J$4>=WBS!$E10,J$4<=WBS!$F10),"■",IF(AND(J$4>=WBS!$C10,J$4<=WBS!$D10),"□",""))) | ... T9: =IF(WBS!$C10="","",IF(AND(WBS!$E10<>"",T$4>=WBS!$E10,T$4<=WBS!$F10),"■",IF(AND(T$4>=WBS!$C10,T$4<=WBS!$D10),"□","")))
A10: =WBS!A11 -> 2.2 | B10: =WBS!B11 -> Ghi chú kết quả, tổng hợp điểm mâu thuẫn | C10: =IF(WBS!$C11="","",IF(AND(WBS!$E11<>"",C$4>=WBS!$E11,C$4<=WBS!$F11),"■",IF(AND(C$4>=WBS!$C11,C$4<=WBS!$D11),"□",""))) | D10: =IF(WBS!$C11="","",IF(AND(WBS!$E11<>"",D$4>=WBS!$E11,D$4<=WBS!$F11),"■",IF(AND(D$4>=WBS!$C11,D$4<=WBS!$D11),"□",""))) | E10: =IF(WBS!$C11="","",IF(AND(WBS!$E11<>"",E$4>=WBS!$E11,E$4<=WBS!$F11),"■",IF(AND(E$4>=WBS!$C11,E$4<=WBS!$D11),"□",""))) -> ■ | F10: =IF(WBS!$C11="","",IF(AND(WBS!$E11<>"",F$4>=WBS!$E11,F$4<=WBS!$F11),"■",IF(AND(F$4>=WBS!$C11,F$4<=WBS!$D11),"□",""))) -> □ | G10: =IF(WBS!$C11="","",IF(AND(WBS!$E11<>"",G$4>=WBS!$E11,G$4<=WBS!$F11),"■",IF(AND(G$4>=WBS!$C11,G$4<=WBS!$D11),"□",""))) | H10: =IF(WBS!$C11="","",IF(AND(WBS!$E11<>"",H$4>=WBS!$E11,H$4<=WBS!$F11),"■",IF(AND(H$4>=WBS!$C11,H$4<=WBS!$D11),"□",""))) | I10: =IF(WBS!$C11="","",IF(AND(WBS!$E11<>"",I$4>=WBS!$E11,I$4<=WBS!$F11),"■",IF(AND(I$4>=WBS!$C11,I$4<=WBS!$D11),"□",""))) | J10: =IF(WBS!$C11="","",IF(AND(WBS!$E11<>"",J$4>=WBS!$E11,J$4<=WBS!$F11),"■",IF(AND(J$4>=WBS!$C11,J$4<=WBS!$D11),"□",""))) | ... T10: =IF(WBS!$C11="","",IF(AND(WBS!$E11<>"",T$4>=WBS!$E11,T$4<=WBS!$F11),"■",IF(AND(T$4>=WBS!$C11,T$4<=WBS!$D11),"□","")))
A11: =WBS!A12 -> 2.3 | B11: =WBS!B12 -> Lập danh sách tài liệu tham khảo | C11: =IF(WBS!$C12="","",IF(AND(WBS!$E12<>"",C$4>=WBS!$E12,C$4<=WBS!$F12),"■",IF(AND(C$4>=WBS!$C12,C$4<=WBS!$D12),"□",""))) | D11: =IF(WBS!$C12="","",IF(AND(WBS!$E12<>"",D$4>=WBS!$E12,D$4<=WBS!$F12),"■",IF(AND(D$4>=WBS!$C12,D$4<=WBS!$D12),"□",""))) | E11: =IF(WBS!$C12="","",IF(AND(WBS!$E12<>"",E$4>=WBS!$E12,E$4<=WBS!$F12),"■",IF(AND(E$4>=WBS!$C12,E$4<=WBS!$D12),"□",""))) -> ■ | F11: =IF(WBS!$C12="","",IF(AND(WBS!$E12<>"",F$4>=WBS!$E12,F$4<=WBS!$F12),"■",IF(AND(F$4>=WBS!$C12,F$4<=WBS!$D12),"□",""))) -> □ | G11: =IF(WBS!$C12="","",IF(AND(WBS!$E12<>"",G$4>=WBS!$E12,G$4<=WBS!$F12),"■",IF(AND(G$4>=WBS!$C12,G$4<=WBS!$D12),"□",""))) | H11: =IF(WBS!$C12="","",IF(AND(WBS!$E12<>"",H$4>=WBS!$E12,H$4<=WBS!$F12),"■",IF(AND(H$4>=WBS!$C12,H$4<=WBS!$D12),"□",""))) | I11: =IF(WBS!$C12="","",IF(AND(WBS!$E12<>"",I$4>=WBS!$E12,I$4<=WBS!$F12),"■",IF(AND(I$4>=WBS!$C12,I$4<=WBS!$D12),"□",""))) | J11: =IF(WBS!$C12="","",IF(AND(WBS!$E12<>"",J$4>=WBS!$E12,J$4<=WBS!$F12),"■",IF(AND(J$4>=WBS!$C12,J$4<=WBS!$D12),"□",""))) | ... T11: =IF(WBS!$C12="","",IF(AND(WBS!$E12<>"",T$4>=WBS!$E12,T$4<=WBS!$F12),"■",IF(AND(T$4>=WBS!$C12,T$4<=WBS!$D12),"□","")))
A12: =WBS!A13 -> 3 | B12: =WBS!B13 -> Tái hiện thực nghiệm | C12: =IF(WBS!$C13="","",IF(AND(WBS!$E13<>"",C$4>=WBS!$E13,C$4<=WBS!$F13),"■",IF(AND(C$4>=WBS!$C13,C$4<=WBS!$D13),"□",""))) | D12: =IF(WBS!$C13="","",IF(AND(WBS!$E13<>"",D$4>=WBS!$E13,D$4<=WBS!$F13),"■",IF(AND(D$4>=WBS!$C13,D$4<=WBS!$D13),"□",""))) | E12: =IF(WBS!$C13="","",IF(AND(WBS!$E13<>"",E$4>=WBS!$E13,E$4<=WBS!$F13),"■",IF(AND(E$4>=WBS!$C13,E$4<=WBS!$D13),"□",""))) | F12: =IF(WBS!$C13="","",IF(AND(WBS!$E13<>"",F$4>=WBS!$E13,F$4<=WBS!$F13),"■",IF(AND(F$4>=WBS!$C13,F$4<=WBS!$D13),"□",""))) | G12: =IF(WBS!$C13="","",IF(AND(WBS!$E13<>"",G$4>=WBS!$E13,G$4<=WBS!$F13),"■",IF(AND(G$4>=WBS!$C13,G$4<=WBS!$D13),"□",""))) -> □ | H12: =IF(WBS!$C13="","",IF(AND(WBS!$E13<>"",H$4>=WBS!$E13,H$4<=WBS!$F13),"■",IF(AND(H$4>=WBS!$C13,H$4<=WBS!$D13),"□",""))) -> □ | I12: =IF(WBS!$C13="","",IF(AND(WBS!$E13<>"",I$4>=WBS!$E13,I$4<=WBS!$F13),"■",IF(AND(I$4>=WBS!$C13,I$4<=WBS!$D13),"□",""))) -> □ | J12: =IF(WBS!$C13="","",IF(AND(WBS!$E13<>"",J$4>=WBS!$E13,J$4<=WBS!$F13),"■",IF(AND(J$4>=WBS!$C13,J$4<=WBS!$D13),"□",""))) -> □ | ... T12: =IF(WBS!$C13="","",IF(AND(WBS!$E13<>"",T$4>=WBS!$E13,T$4<=WBS!$F13),"■",IF(AND(T$4>=WBS!$C13,T$4<=WBS!$D13),"□","")))
A13: =WBS!A14 -> 3.1 | B13: =WBS!B14 -> Nhập số liệu các bảng của bài báo | C13: =IF(WBS!$C14="","",IF(AND(WBS!$E14<>"",C$4>=WBS!$E14,C$4<=WBS!$F14),"■",IF(AND(C$4>=WBS!$C14,C$4<=WBS!$D14),"□",""))) | D13: =IF(WBS!$C14="","",IF(AND(WBS!$E14<>"",D$4>=WBS!$E14,D$4<=WBS!$F14),"■",IF(AND(D$4>=WBS!$C14,D$4<=WBS!$D14),"□",""))) | E13: =IF(WBS!$C14="","",IF(AND(WBS!$E14<>"",E$4>=WBS!$E14,E$4<=WBS!$F14),"■",IF(AND(E$4>=WBS!$C14,E$4<=WBS!$D14),"□",""))) | F13: =IF(WBS!$C14="","",IF(AND(WBS!$E14<>"",F$4>=WBS!$E14,F$4<=WBS!$F14),"■",IF(AND(F$4>=WBS!$C14,F$4<=WBS!$D14),"□",""))) | G13: =IF(WBS!$C14="","",IF(AND(WBS!$E14<>"",G$4>=WBS!$E14,G$4<=WBS!$F14),"■",IF(AND(G$4>=WBS!$C14,G$4<=WBS!$D14),"□",""))) -> □ | H13: =IF(WBS!$C14="","",IF(AND(WBS!$E14<>"",H$4>=WBS!$E14,H$4<=WBS!$F14),"■",IF(AND(H$4>=WBS!$C14,H$4<=WBS!$D14),"□",""))) -> □ | I13: =IF(WBS!$C14="","",IF(AND(WBS!$E14<>"",I$4>=WBS!$E14,I$4<=WBS!$F14),"■",IF(AND(I$4>=WBS!$C14,I$4<=WBS!$D14),"□",""))) | J13: =IF(WBS!$C14="","",IF(AND(WBS!$E14<>"",J$4>=WBS!$E14,J$4<=WBS!$F14),"■",IF(AND(J$4>=WBS!$C14,J$4<=WBS!$D14),"□",""))) | ... T13: =IF(WBS!$C14="","",IF(AND(WBS!$E14<>"",T$4>=WBS!$E14,T$4<=WBS!$F14),"■",IF(AND(T$4>=WBS!$C14,T$4<=WBS!$D14),"□","")))
A14: =WBS!A15 -> 3.2 | B14: =WBS!B15 -> Kiểm tra lại số liệu đã công bố | C14: =IF(WBS!$C15="","",IF(AND(WBS!$E15<>"",C$4>=WBS!$E15,C$4<=WBS!$F15),"■",IF(AND(C$4>=WBS!$C15,C$4<=WBS!$D15),"□",""))) | D14: =IF(WBS!$C15="","",IF(AND(WBS!$E15<>"",D$4>=WBS!$E15,D$4<=WBS!$F15),"■",IF(AND(D$4>=WBS!$C15,D$4<=WBS!$D15),"□",""))) | E14: =IF(WBS!$C15="","",IF(AND(WBS!$E15<>"",E$4>=WBS!$E15,E$4<=WBS!$F15),"■",IF(AND(E$4>=WBS!$C15,E$4<=WBS!$D15),"□",""))) | F14: =IF(WBS!$C15="","",IF(AND(WBS!$E15<>"",F$4>=WBS!$E15,F$4<=WBS!$F15),"■",IF(AND(F$4>=WBS!$C15,F$4<=WBS!$D15),"□",""))) | G14: =IF(WBS!$C15="","",IF(AND(WBS!$E15<>"",G$4>=WBS!$E15,G$4<=WBS!$F15),"■",IF(AND(G$4>=WBS!$C15,G$4<=WBS!$D15),"□",""))) | H14: =IF(WBS!$C15="","",IF(AND(WBS!$E15<>"",H$4>=WBS!$E15,H$4<=WBS!$F15),"■",IF(AND(H$4>=WBS!$C15,H$4<=WBS!$D15),"□",""))) -> □ | I14: =IF(WBS!$C15="","",IF(AND(WBS!$E15<>"",I$4>=WBS!$E15,I$4<=WBS!$F15),"■",IF(AND(I$4>=WBS!$C15,I$4<=WBS!$D15),"□",""))) | J14: =IF(WBS!$C15="","",IF(AND(WBS!$E15<>"",J$4>=WBS!$E15,J$4<=WBS!$F15),"■",IF(AND(J$4>=WBS!$C15,J$4<=WBS!$D15),"□",""))) | ... T14: =IF(WBS!$C15="","",IF(AND(WBS!$E15<>"",T$4>=WBS!$E15,T$4<=WBS!$F15),"■",IF(AND(T$4>=WBS!$C15,T$4<=WBS!$D15),"□","")))
A15: =WBS!A16 -> 3.3 | B15: =WBS!B16 -> Sinh dữ liệu mô phỏng 314 phiếu | C15: =IF(WBS!$C16="","",IF(AND(WBS!$E16<>"",C$4>=WBS!$E16,C$4<=WBS!$F16),"■",IF(AND(C$4>=WBS!$C16,C$4<=WBS!$D16),"□",""))) | D15: =IF(WBS!$C16="","",IF(AND(WBS!$E16<>"",D$4>=WBS!$E16,D$4<=WBS!$F16),"■",IF(AND(D$4>=WBS!$C16,D$4<=WBS!$D16),"□",""))) | E15: =IF(WBS!$C16="","",IF(AND(WBS!$E16<>"",E$4>=WBS!$E16,E$4<=WBS!$F16),"■",IF(AND(E$4>=WBS!$C16,E$4<=WBS!$D16),"□",""))) | F15: =IF(WBS!$C16="","",IF(AND(WBS!$E16<>"",F$4>=WBS!$E16,F$4<=WBS!$F16),"■",IF(AND(F$4>=WBS!$C16,F$4<=WBS!$D16),"□",""))) | G15: =IF(WBS!$C16="","",IF(AND(WBS!$E16<>"",G$4>=WBS!$E16,G$4<=WBS!$F16),"■",IF(AND(G$4>=WBS!$C16,G$4<=WBS!$D16),"□",""))) | H15: =IF(WBS!$C16="","",IF(AND(WBS!$E16<>"",H$4>=WBS!$E16,H$4<=WBS!$F16),"■",IF(AND(H$4>=WBS!$C16,H$4<=WBS!$D16),"□",""))) | I15: =IF(WBS!$C16="","",IF(AND(WBS!$E16<>"",I$4>=WBS!$E16,I$4<=WBS!$F16),"■",IF(AND(I$4>=WBS!$C16,I$4<=WBS!$D16),"□",""))) | J15: =IF(WBS!$C16="","",IF(AND(WBS!$E16<>"",J$4>=WBS!$E16,J$4<=WBS!$F16),"■",IF(AND(J$4>=WBS!$C16,J$4<=WBS!$D16),"□",""))) | ... T15: =IF(WBS!$C16="","",IF(AND(WBS!$E16<>"",T$4>=WBS!$E16,T$4<=WBS!$F16),"■",IF(AND(T$4>=WBS!$C16,T$4<=WBS!$D16),"□","")))
A16: =WBS!A17 -> 3.4 | B16: =WBS!B17 -> Cronbach, RII, PIM trên dữ liệu mô phỏng | C16: =IF(WBS!$C17="","",IF(AND(WBS!$E17<>"",C$4>=WBS!$E17,C$4<=WBS!$F17),"■",IF(AND(C$4>=WBS!$C17,C$4<=WBS!$D17),"□",""))) | D16: =IF(WBS!$C17="","",IF(AND(WBS!$E17<>"",D$4>=WBS!$E17,D$4<=WBS!$F17),"■",IF(AND(D$4>=WBS!$C17,D$4<=WBS!$D17),"□",""))) | E16: =IF(WBS!$C17="","",IF(AND(WBS!$E17<>"",E$4>=WBS!$E17,E$4<=WBS!$F17),"■",IF(AND(E$4>=WBS!$C17,E$4<=WBS!$D17),"□",""))) | F16: =IF(WBS!$C17="","",IF(AND(WBS!$E17<>"",F$4>=WBS!$E17,F$4<=WBS!$F17),"■",IF(AND(F$4>=WBS!$C17,F$4<=WBS!$D17),"□",""))) | G16: =IF(WBS!$C17="","",IF(AND(WBS!$E17<>"",G$4>=WBS!$E17,G$4<=WBS!$F17),"■",IF(AND(G$4>=WBS!$C17,G$4<=WBS!$D17),"□",""))) | H16: =IF(WBS!$C17="","",IF(AND(WBS!$E17<>"",H$4>=WBS!$E17,H$4<=WBS!$F17),"■",IF(AND(H$4>=WBS!$C17,H$4<=WBS!$D17),"□",""))) | I16: =IF(WBS!$C17="","",IF(AND(WBS!$E17<>"",I$4>=WBS!$E17,I$4<=WBS!$F17),"■",IF(AND(I$4>=WBS!$C17,I$4<=WBS!$D17),"□",""))) | J16: =IF(WBS!$C17="","",IF(AND(WBS!$E17<>"",J$4>=WBS!$E17,J$4<=WBS!$F17),"■",IF(AND(J$4>=WBS!$C17,J$4<=WBS!$D17),"□",""))) | ... T16: =IF(WBS!$C17="","",IF(AND(WBS!$E17<>"",T$4>=WBS!$E17,T$4<=WBS!$F17),"■",IF(AND(T$4>=WBS!$C17,T$4<=WBS!$D17),"□","")))
... A33: =WBS!A34 -> 6.1 | B33: =WBS!B34 -> Lập WBS, Gantt, sổ rủi ro (Excel, MS Project) | C33: =IF(WBS!$C34="","",IF(AND(WBS!$E34<>"",C$4>=WBS!$E34,C$4<=WBS!$F34),"■",IF(AND(C$4>=WBS!$C34,C$4<=WBS!$D34),"□",""))) | D33: =IF(WBS!$C34="","",IF(AND(WBS!$E34<>"",D$4>=WBS!$E34,D$4<=WBS!$F34),"■",IF(AND(D$4>=WBS!$C34,D$4<=WBS!$D34),"□",""))) | E33: =IF(WBS!$C34="","",IF(AND(WBS!$E34<>"",E$4>=WBS!$E34,E$4<=WBS!$F34),"■",IF(AND(E$4>=WBS!$C34,E$4<=WBS!$D34),"□",""))) | F33: =IF(WBS!$C34="","",IF(AND(WBS!$E34<>"",F$4>=WBS!$E34,F$4<=WBS!$F34),"■",IF(AND(F$4>=WBS!$C34,F$4<=WBS!$D34),"□",""))) | G33: =IF(WBS!$C34="","",IF(AND(WBS!$E34<>"",G$4>=WBS!$E34,G$4<=WBS!$F34),"■",IF(AND(G$4>=WBS!$C34,G$4<=WBS!$D34),"□",""))) | H33: =IF(WBS!$C34="","",IF(AND(WBS!$E34<>"",H$4>=WBS!$E34,H$4<=WBS!$F34),"■",IF(AND(H$4>=WBS!$C34,H$4<=WBS!$D34),"□",""))) | I33: =IF(WBS!$C34="","",IF(AND(WBS!$E34<>"",I$4>=WBS!$E34,I$4<=WBS!$F34),"■",IF(AND(I$4>=WBS!$C34,I$4<=WBS!$D34),"□",""))) | J33: =IF(WBS!$C34="","",IF(AND(WBS!$E34<>"",J$4>=WBS!$E34,J$4<=WBS!$F34),"■",IF(AND(J$4>=WBS!$C34,J$4<=WBS!$D34),"□",""))) | ... T33: =IF(WBS!$C34="","",IF(AND(WBS!$E34<>"",T$4>=WBS!$E34,T$4<=WBS!$F34),"■",IF(AND(T$4>=WBS!$C34,T$4<=WBS!$D34),"□","")))

Sheet Rủi ro
A1: SỔ ĐĂNG KÝ RỦI RO CỦA DỰ ÁN LÀM BÁO CÁO
A2: Xác suất (P) và tác động (I) chấm 1–5. Điểm = P × I. Vùng: Đỏ ≥ 15, Vàng 8–14, Xanh < 8 (cùng quy ước với ma trận PIM trong báo cáo).
A4: Mã | B4: Rủi ro | C4: Nguyên nhân | D4: P | E4: I | F4: Điểm | G4: Vùng | H4: Chiến lược | I4: Hành động ứng phó | J4: Phụ trách | K4: Trạng thái
A5: R1 | B5: Không có dữ liệu gốc của bài báo | C5: Tác giả chỉ cung cấp khi có yêu cầu | D5: 5 | E5: 4 | F5: =D5*E5 -> 20 | G5: =IF(F5>=15,"Đỏ",IF(F5>=8,"Vàng","Xanh")) -> Đỏ | H5: Giảm thiểu | I5: Kiểm tra lại số liệu đã công bố + dùng dữ liệu mô phỏng; gửi email xin dữ liệu | J5: Sinh viên | K5: Đang xử lý
A6: R2 | B6: Lịch sử GitHub ngắn hơn 3 tuần | C6: Bắt đầu muộn (19/10, hạn 04/11) | D6: 5 | E6: 3 | F6: =D6*E6 -> 15 | G6: =IF(F6>=15,"Đỏ",IF(F6>=8,"Vàng","Xanh")) -> Đỏ | H6: Chấp nhận | I6: Commit đều mỗi ngày; chủ động báo giảng viên | J6: Sinh viên | K6: Đã xảy ra
A7: R3 | B7: Chậm tiến độ so với kế hoạch | C7: Đã trễ 4 ngày ở giai đoạn 22–25/10 | D7: 4 | E7: 4 | F7: =D7*E7 -> 16 | G7: =IF(F7>=15,"Đỏ",IF(F7>=8,"Vàng","Xanh")) -> Đỏ | H7: Giảm thiểu | I7: Làm bù ngày 26/10; ưu tiên mục có trong barem | J7: Sinh viên | K7: Đang xử lý
A8: R4 | B8: Không biên dịch được LaTeX trên máy | C8: Máy chưa cài TeX | D8: 3 | E8: 3 | F8: =D8*E8 -> 9 | G8: =IF(F8>=15,"Đỏ",IF(F8>=8,"Vàng","Xanh")) -> Vàng | H8: Né tránh | I8: Biên dịch trên Overleaf (XeLaTeX) | J8: Sinh viên | K8: Đang theo dõi
A9: R5 | B9: Báo cáo dưới 20 trang ruột | C9: Chương 3–4 chưa viết | D9: 2 | E9: 4 | F9: =D9*E9 -> 8 | G9: =IF(F9>=15,"Đỏ",IF(F9>=8,"Vàng","Xanh")) -> Vàng | H9: Giảm thiểu | I9: Đếm trang sau mỗi chương; bổ sung phần mở rộng nếu thiếu | J9: Sinh viên | K9: Đang theo dõi
A10: R6 | B10: Không trả lời được câu hỏi khi thuyết trình | C10: Kiến thức PLS-SEM mới với sinh viên | D10: 3 | E10: 5 | F10: =D10*E10 -> 15 | G10: =IF(F10>=15,"Đỏ",IF(F10>=8,"Vàng","Xanh")) -> Đỏ | H10: Giảm thiểu | I10: Đọc lại ghi chú, soạn trước 10 câu hỏi và câu trả lời | J10: Sinh viên | K10: Đang theo dõi
A11: R7 | B11: Thiếu nguồn tin cậy cho ví dụ dầu khí Việt Nam | C11: Nhiều thông tin chỉ có trên báo mạng | D11: 3 | E11: 3 | F11: =D11*E11 -> 9 | G11: =IF(F11>=15,"Đỏ",IF(F11>=8,"Vàng","Xanh")) -> Vàng | H11: Giảm thiểu | I11: Dùng bài báo khoa học, kết luận thanh tra, báo cáo kiểm toán | J11: Sinh viên | K11: Đang theo dõi
A12: R8 | B12: Thiếu phụ lục khai báo công cụ hỗ trợ | C12: Chưa viết phụ lục B | D12: 3 | E12: 5 | F12: =D12*E12 -> 15 | G12: =IF(F12>=15,"Đỏ",IF(F12>=8,"Vàng","Xanh")) -> Đỏ | H12: Giảm thiểu | I12: Hoàn thiện phụ lục B trước khi xuất PDF (02/11) | J12: Sinh viên | K12: Mở
A13: R9 | B13: Mất dữ liệu trên máy cá nhân | C13: Hỏng ổ cứng, xoá nhầm | D13: 1 | E13: 5 | F13: =D13*E13 -> 5 | G13: =IF(F13>=15,"Đỏ",IF(F13>=8,"Vàng","Xanh")) -> Xanh | H13: Chuyển giao | I13: Push lên GitHub sau mỗi buổi làm | J13: Sinh viên | K13: Đang theo dõi
B15: Số rủi ro vùng đỏ | F15: =COUNTIF(G5:G13,"Đỏ") -> 5
B16: Số rủi ro vùng vàng | F16: =COUNTIF(G5:G13,"Vàng") -> 3
B17: Điểm rủi ro trung bình | F17: =AVERAGE(F5:F13) -> 12.444444

Sheet Barem
A1: ĐỐI CHIẾU BAREM CHẤM ĐIỂM (Lesson 1, slide 52)
A2: Mức hoàn thành do sinh viên tự đánh giá (ô vàng). Điểm dự kiến = điểm tối đa × mức hoàn thành.
A4: Yêu cầu | B4: Điểm tối đa | C4: Mức hoàn thành | D4: Điểm dự kiến | E4: Đáp ứng ở đâu
A5: Nội dung báo cáo: khái niệm, thành phần, mô hình, cách hoạt động, ứng dụng, ưu/nhược, xu hướng | B5: 2.5 | C5: 1 | D5: =B5*C5 -> 2.5 | E5: Chương 1, Chương 2
A6: Tái hiện thực nghiệm phân tích dữ liệu của bài báo | B6: 2.5 | C6: 1 | D6: =B6*C6 -> 2.5 | E6: Chương 3, src/, results/
A7: Khả năng mở rộng, liên hệ thực tế (2 ví dụ thực tế) | B7: 2 | C7: 1 | D7: =B7*C7 -> 2 | E7: Chương 4, docs/notes/04
A8: Thuyết trình và trả lời câu hỏi | B8: 2 | C8: 0 | D8: =B8*C8 -> 0 | E8: slides/
A9: Phản biện các đề tài khác | B9: 1 | C9: 0 | D9: =B9*C9 -> 0 | E9: docs/phan-bien.md
A10: TỔNG | B10: =SUM(B5:B9) -> 10 | C10: =D10/B10 -> 0.7 | D10: =SUM(D5:D9) -> 7
A12: Yêu cầu hình thức (slide 54)
A13: Mẫu KLTN, 1 file PDF, khuyến khích LaTeX | C13: Đạt
A14: Tối thiểu 20 trang ruột | C14: Đạt (ước tính 35–40 trang)
A15: Chữ trong bảng, hình là tiếng Việt | C15: Đạt
A16: Gõ lại công thức, đánh số ở lề phải | C16: Đạt
A17: Danh mục tài liệu tham khảo, trích dẫn trong bài | C17: Đạt
A18: Khai báo công cụ hỗ trợ đã dùng | C18: Chưa đạt
A19: Đẩy file phân tích lên GitHub, lịch sử ≥ 3 tuần | C19: Không đạt (16 ngày)
A20: Không dùng nguồn không tin cậy | C20: Đạt

Sheet Nhật ký
A1: NHẬT KÝ LÀM VIỆC (theo lịch sử commit GitHub)
A3: Ngày | B3: Số commit | C3: Nội dung chính | D3: Lũy kế commit
A4: 46314 | B4: 1 | C4: Khởi tạo repo, kế hoạch, cấu trúc thư mục | D4: =SUM($B$4:B4) -> 1
A5: 46315 | B5: 10 | C5: Ghi chú đọc bài báo, thuật ngữ, điểm mâu thuẫn, tài liệu tham khảo | D5: =SUM($B$4:B5) -> 11
A6: 46321 | B6: 35 | C6: Số liệu, kiểm tra số liệu, mô phỏng, PLS-SEM, Monte Carlo, Excel/MS Project, Chương 1–4 | D6: =SUM($B$4:B6) -> 46
A7: Tổng | B7: =SUM(B4:B6) -> 46
